alpha,series,CL,CL_npix,CL_flag,CM,CM_npix,CM_flag,CD,CD_npix,CD_flag
-0.5,Re0.4e6,-0.0517,39,colmethod,,0,absent,,0,absent
3.0,Re0.4e6,0.2443,25,colmethod,,0,absent,,0,absent
3.5,Re0.4e6,0.2862,32,colmethod,,0,absent,,0,absent
4.0,Re0.4e6,0.3283,51,colmethod,,0,absent,,0,absent
4.5,Re0.4e6,0.3683,45,colmethod,,0,absent,,0,absent
5.0,Re0.4e6,0.4087,56,colmethod,,0,absent,,0,absent
5.5,Re0.4e6,0.449,60,colmethod,,0,absent,,0,absent
6.0,Re0.4e6,0.4887,47,colmethod,,0,absent,,0,absent
6.5,Re0.4e6,0.5284,61,colmethod,0.1352,33,colmethod,0.027,39,colmethod
7.0,Re0.4e6,0.5677,100,colmethod,0.1452,39,colmethod,0.0298,42,colmethod
7.5,Re0.4e6,0.607,104,colmethod,0.1553,36,colmethod,0.032,45,colmethod
8.0,Re0.4e6,0.6455,121,colmethod,0.1657,27,colmethod,0.035,47,colmethod
8.5,Re0.4e6,0.6837,111,colmethod,0.175,25,colmethod,0.0376,43,colmethod
9.0,Re0.4e6,0.7202,109,colmethod,0.1845,35,colmethod,0.0412,49,colmethod
9.5,Re0.4e6,0.755,107,colmethod,0.1943,28,colmethod,0.0445,46,colmethod
10.0,Re0.4e6,0.7867,86,colmethod,0.2029,46,colmethod,0.0497,69,colmethod
11.0,Re0.4e6,0.7853,96,colmethod,0.1703,102,colmethod,0.1245,131,colmethod
11.5,Re0.4e6,0.7871,96,colmethod,0.1497,210,merged,0.1497,210,colmethod
12.0,Re0.4e6,0.7822,111,colmethod,0.1385,114,colmethod,0.163,21,colmethod
12.5,Re0.4e6,0.7726,91,colmethod,0.1243,97,colmethod,0.1772,30,colmethod
13.0,Re0.4e6,0.7513,90,colmethod,0.1112,92,colmethod,0.1866,38,colmethod
13.5,Re0.4e6,0.7455,95,colmethod,0.1032,94,colmethod,0.198,73,colmethod
14.0,Re0.4e6,0.7321,81,colmethod,0.0971,81,colmethod,0.2063,79,colmethod
14.5,Re0.4e6,0.7205,94,colmethod,0.0913,95,colmethod,0.215,94,colmethod
15.0,Re0.4e6,0.7085,95,colmethod,0.086,94,colmethod,0.2231,93,colmethod
-0.5,Re0.6e6,-0.0502,20,colmethod,0.0035,28,colmethod,,0,absent
0.5,Re0.6e6,,0,absent,,0,absent,0.023,32,partial
1.0,Re0.6e6,0.0684,60,partial,,0,absent,,0,absent
1.5,Re0.6e6,0.1123,20,colmethod,0.0451,35,frag,0.0188,59,colmethod
2.0,Re0.6e6,0.1555,39,colmethod,0.0555,20,frag,0.0192,43,colmethod
2.5,Re0.6e6,0.2,71,colmethod,0.0651,61,colmethod,0.019,44,colmethod
3.0,Re0.6e6,0.2444,73,colmethod,0.0741,24,colmethod,0.019,20,colmethod
3.5,Re0.6e6,0.2875,73,colmethod,,0,absent,0.0072,24,colmethod
4.0,Re0.6e6,0.3298,88,colmethod,0.0801,24,colmethod,0.0082,24,colmethod
4.5,Re0.6e6,0.3709,75,colmethod,,0,absent,,0,absent
5.0,Re0.6e6,0.4129,99,colmethod,,0,absent,,0,absent
5.5,Re0.6e6,0.4515,16,frag,,0,absent,,0,absent
6.0,Re0.6e6,0.4931,41,partial,,0,absent,,0,absent
6.5,Re0.6e6,0.5343,40,partial,0.1341,18,colmethod,,0,absent
7.0,Re0.6e6,0.5763,36,partial,,0,absent,,0,absent
7.5,Re0.6e6,0.6161,48,partial,0.1548,46,colmethod,,0,absent
8.0,Re0.6e6,0.6563,53,partial,0.1636,16,colmethod,,0,absent
8.5,Re0.6e6,0.6965,77,partial,0.1737,21,colmethod,,0,absent
9.0,Re0.6e6,0.736,87,,0.1838,20,colmethod,0.0422,30,colmethod
9.5,Re0.6e6,0.7754,112,,,0,absent,0.0465,15,colmethod
10.0,Re0.6e6,0.8125,107,,0.2031,17,colmethod,0.0493,30,colmethod
10.5,Re0.6e6,0.8495,110,,0.216,92,,0.0482,92,
11.0,Re0.6e6,0.8837,111,,,0,absent,,0,absent
11.5,Re0.6e6,0.9125,207,colmethod,,0,absent,0.0863,573,
12.0,Re0.6e6,,0,absent,0.1543,489,colmethod,0.129,57,
12.5,Re0.6e6,,0,absent,0.1364,97,,0.1751,98,
13.0,Re0.6e6,,0,absent,0.123,92,,0.1901,109,
13.5,Re0.6e6,,0,absent,0.1142,92,,0.2041,92,
14.0,Re0.6e6,,0,absent,0.1061,92,,0.2141,96,
-0.5,Re0.8e6,-0.0075,16,merged,-0.0038,16,merged,0.0163,16,colmethod
0.5,Re0.8e6,,0,absent,,0,absent,0.0186,28,colmethod
1.0,Re0.8e6,0.0598,35,colmethod,,0,absent,,0,absent
1.5,Re0.8e6,0.1145,30,colmethod,0.0408,35,colmethod,0.0163,20,colmethod
2.0,Re0.8e6,0.1585,25,colmethod,0.0518,35,colmethod,0.0169,35,colmethod
2.5,Re0.8e6,0.204,16,colmethod,,0,absent,,0,absent
3.0,Re0.8e6,0.2487,37,colmethod,0.0724,16,colmethod,,0,absent
3.5,Re0.8e6,0.2923,59,colmethod,,0,absent,,0,absent
4.0,Re0.8e6,0.3349,55,colmethod,,0,absent,,0,absent
4.5,Re0.8e6,0.376,16,frag,0.092,20,colmethod,0.0223,16,colmethod
5.0,Re0.8e6,0.4197,71,colmethod,,0,absent,0.0232,20,colmethod
5.5,Re0.8e6,0.4613,16,frag,0.1129,16,colmethod,,0,absent
6.0,Re0.8e6,0.5036,16,frag,0.124,20,colmethod,,0,absent
6.5,Re0.8e6,0.5512,229,,0.1392,189,,0.0232,187,
7.0,Re0.8e6,0.5923,234,,0.1492,152,,0.026,187,
7.5,Re0.8e6,0.6348,234,,0.1603,171,,0.0281,187,
8.0,Re0.8e6,0.6757,239,,0.1692,174,,0.0313,181,
8.5,Re0.8e6,0.7145,233,,0.179,193,,0.0333,210,
9.0,Re0.8e6,0.7578,246,,0.1892,197,,0.0363,214,
9.5,Re0.8e6,0.798,244,,0.1982,202,,0.0401,215,
10.0,Re0.8e6,0.8336,206,,0.2083,161,,0.0433,169,
-1.0,Re1.0e6,-0.0791,183,,-0.0219,189,,0.0102,189,
-0.5,Re1.0e6,-0.0403,454,,-0.0099,702,,0.0102,702,
0.0,Re1.0e6,0.0027,641,,,0,absent,0.0122,169,
0.5,Re1.0e6,0.0485,135,,,0,absent,0.0121,676,
1.0,Re1.0e6,0.0855,685,,0.0232,729,,0.01,627,
1.5,Re1.0e6,0.1268,703,,0.0341,729,,0.0102,729,
2.0,Re1.0e6,0.1712,729,,0.0452,702,,0.0102,729,
2.5,Re1.0e6,0.2167,705,,0.0572,677,,0.0112,702,
3.0,Re1.0e6,0.2622,704,,0.0662,707,,0.0121,676,
3.5,Re1.0e6,0.3062,678,,0.0761,704,,0.014,702,
4.0,Re1.0e6,0.3482,703,,0.087,729,,0.0151,729,
4.5,Re1.0e6,0.3912,703,,0.0981,702,,0.0162,729,
5.0,Re1.0e6,0.4345,732,,0.1082,730,,0.017,702,
5.5,Re1.0e6,0.4776,730,,0.1191,729,,0.0193,729,
6.0,Re1.0e6,0.5185,704,,0.1302,702,,0.0213,702,
